Pink1B9;+;+,Pink1B9;eya1
0.735637,0.501843
1.225938,0.507045
0.879527,0.545152
1.26072,0.430405