Pink1B9;+;+,Pink1B9;eya1
0.981562,0.482637
0.525025,0.225956
1.052985,0.212249
1.842807,0.389489