Pink1B9,Pink1B9;NP3084>RelKK
0.521483,0.605434
0.446685,1.147106
0.270102,1.311407
0.414738,1.097974