Pink1B9;NP>Rel KK,Pink1B9;NP3084>G4
0.5931375709,1.107636872
0.5128045847,1.067657571
0.5564060774,0.9423936541
0.6157968158,0.8823119025