Pink1B9;NP>Rel KK,Pink1B9; UAS Rel KK
1.522685,1.293519
1.682253,1.385185
1.580401,1.215432