Negative,Pink1B9;+;+,w1118
1,2.613636364,2.291666667
,2.863636364,2.125
,1.642561983,2.556818182
,1.888888889,1.366666667
,2.116666667,0.883333333
,1.48,1.6