w;CS/+,Pink1B9;+;+,Pink1B9;;Rel E20/+,,,,,,
1,3383.634,984.6526,,,,,,
,,,,,,,,
1.124962,5555.008,1085.498,,,,,,
,,,,,,,,
1.165621,3386.876,1696.279,,,,,,
,,,,,,,,
0.9284589,4635.073,1118.198,,,,,,